feature,count,mean,median,variance,std,skewness,kurtosis,min,max,p5,p25,p50,p75,p95
response,30837,0.6866750980964426,1.0,0.21515938506316737,0.46385276226747574,-0.8049416594368212,-1.3521566261378617,0.0,1.0,0.0,0.0,1.0,1.0,1.0
response_time_sec,30837,17.737782836624415,11.29475,389.5569217472493,19.737196400381926,5.215398646252994,58.82467690919555,0.204,483.929,4.2730500000000005,7.4708,11.29475,20.56133333,52.7025
rg_threshold_sec,30837,6.78882657068421,5.146767967,20.180314429022896,4.492250486006195,2.6970611215237854,7.865514496809697,3.391099275,25.47334401,3.391099275,4.654604835,5.146767967,5.502098836,12.92897159
