feature,count,mean,median,variance,std,skewness,kurtosis,min,max,p5,p25,p50,p75,p95
response,30837,0.6866750980964426,1.0,0.21515938506316737,0.46385276226747574,-0.8049416594368212,-1.3521566261378617,0.0,1.0,0.0,0.0,1.0,1.0,1.0
response_time_sec,30837,17.737782836635645,11.29475,389.5569217477813,19.737196400395405,5.215398646175696,58.82467690768169,0.204,483.929,4.2730500000000005,7.4708,11.29475,20.561333333333334,52.7025
