feature,count,mean,median,variance,std,skewness,kurtosis,min,max,p5,p25,p50,p75,p95
response,30837,0.6866750980964426,1.0,0.21515938506316737,0.46385276226747574,-0.8049416594368212,-1.3521566261378617,0.0,1.0,0.0,0.0,1.0,1.0,1.0
response_time_sec,29618,17.638015390415738,11.065875,398.7567738004127,19.968895157229223,5.233990970744609,58.48693327942507,0.204,483.929,4.211333333333333,7.323333333333333,11.065875,20.07775,52.47037499999984
